UniProt ID,Keywords
P09758,NO_KEYWORDS_FOUND
O43613,"Receptor, peptide hormone binding, G protein-coupled receptor activity, orexin receptor activity"
P35499,"voltage-gated sodium channel activity, Channel"
Q848S6,beta-lactamase activity
P30613,"kinase activity, ATP binding, potassium ion binding, monosaccharide binding, pyruvate kinase activity, magnesium ion binding"
O75343,"GTP binding, heme binding, metal ion binding, guanylate cyclase activity"
Q01118,"transmembrane transporter binding, voltage-gated sodium channel activity, sodium channel activity, osmolarity-sensing monoatomic cation channel activity, Channel"
Q12908,"bile acid:sodium symporter activity, Transporter"
Q13885,"GTP binding, structural constituent of cytoskeleton, metal ion binding, GTPase activity"
P0A7N9,"structural constituent of ribosome, tRNA binding"
P60723,"endoribonuclease inhibitor activity, mRNA 5'-UTR binding, rRNA binding, structural constituent of ribosome, DNA binding, RNA-binding transcription regulator activity, translation repressor activity"
P48169,"GABA-A receptor activity, GABA-gated chloride ion channel activity, benzodiazepine receptor activity, Receptor, transmitter-gated monoatomic ion channel activity involved in regulation of postsynaptic membrane potential"
P0A7T7,"small ribosomal subunit rRNA binding, mRNA 5'-UTR binding, structural constituent of ribosome"
P43119,"Receptor, prostacyclin receptor activity, guanyl-nucleotide exchange factor activity"
P0A7M2,"structural constituent of ribosome, rRNA binding"
P47901,"Receptor, protein kinase C binding, vasopressin receptor activity"
P13726,"phospholipid binding, cytokine receptor activity, protease binding"
Q99062,"cytokine binding, signaling receptor activity, Receptor, cytokine receptor activity, granulocyte colony-stimulating factor binding"
P0AD64,beta-lactamase activity
P16234,"platelet-derived growth factor alpha-receptor activity, platelet-derived growth factor beta-receptor activity, protein tyrosine kinase collagen receptor activity, hepatocyte growth factor receptor activity, histone H2AXY142 kinase activity, insulin receptor activity, ATP binding, platelet-derived growth factor binding, stem cell factor receptor activity, transmembrane receptor protein tyrosine kinase activity, brain-derived neurotrophic factor receptor activity, protein-containing complex binding, insulin-like growth factor receptor activity, placental growth factor receptor activity, phospholipase C activator activity, protein kinase activity, boss receptor activity, vascular endothelial growth factor binding, fibroblast growth factor receptor activity, protein homodimerization activity, epidermal growth factor receptor activity, macrophage colony-stimulating factor receptor activity, platelet-derived growth factor receptor binding, histone H3Y41 kinase activity, GPI-linked ephrin receptor activity, Receptor, transmembrane-ephrin receptor activity, vascular endothelial growth factor receptor activity"
O60840,"high voltage-gated calcium channel activity, voltage-gated calcium channel activity, metal ion binding, Channel"
P33176,"ATP hydrolysis activity, ATP binding, microtubule motor activity, identical protein binding, cadherin binding, protein-containing complex binding, microtubule binding, plus-end-directed microtubule motor activity"
P22102,"phosphoribosylamine-glycine ligase activity, ATP binding, metal ion binding, phosphoribosylformylglycinamidine cyclo-ligase activity, phosphoribosylglycinamide formyltransferase activity"
P13866,"Transporter, galactose:sodium symporter activity, D-glucose transmembrane transporter activity, fucose transmembrane transporter activity, alpha-glucoside transmembrane transporter activity, D-glucose:sodium symporter activity, pentose transmembrane transporter activity, galactose transmembrane transporter activity, myo-inositol:sodium symporter activity, water transmembrane transporter activity"
P07766,"SH3 domain binding, identical protein binding, T cell receptor binding, protein kinase binding, signaling receptor complex adaptor activity, transmembrane signaling receptor activity"
P30939,"neurotransmitter receptor activity, serotonin binding, serotonin receptor activity, Gi/o-coupled serotonin receptor activity, G protein-coupled serotonin receptor activity, Receptor"
Q05318,"RNA-dependent RNA polymerase activity, ATP binding, RNA polymerase activity, membrane scission GTPase motor activity, mRNA 5'-cap (guanine-N7-)-methyltransferase activity"
P0A7U7,"small ribosomal subunit rRNA binding, ornithine decarboxylase inhibitor activity, structural constituent of ribosome"
P28907,"transferase activity, identical protein binding, NAD+ nucleotidase, cyclic ADP-ribose generating, NAD+ nucleosidase activity, phosphorus-oxygen lyase activity"
P13945,"norepinephrine binding, protein homodimerization activity, beta-3 adrenergic receptor binding, Receptor, epinephrine binding, beta-adrenergic receptor activity, beta3-adrenergic receptor activity"
P08887,"interleukin-11 binding, interleukin-6 receptor activity, interleukin-11 receptor activity, protein homodimerization activity, enzyme binding, Receptor, cytokine receptor activity, interleukin-6 binding, ciliary neurotrophic factor binding"
P36888,"platelet-derived growth factor alpha-receptor activity, platelet-derived growth factor beta-receptor activity, protein tyrosine kinase collagen receptor activity, hepatocyte growth factor receptor activity, growth factor binding, histone H2AXY142 kinase activity, insulin receptor activity, ATP binding, protein tyrosine kinase activity, stem cell factor receptor activity, transmembrane receptor protein tyrosine kinase activity, brain-derived neurotrophic factor receptor activity, protein-containing complex binding, insulin-like growth factor receptor activity, placental growth factor receptor activity, boss receptor activity, fibroblast growth factor receptor activity, cytokine receptor activity, epidermal growth factor receptor activity, vascular endothelial growth factor receptor activity, macrophage colony-stimulating factor receptor activity, nuclear glucocorticoid receptor binding, histone H3Y41 kinase activity, GPI-linked ephrin receptor activity, Receptor, transmembrane-ephrin receptor activity, phosphatidylinositol 3-kinase activator activity"
Q13224,"glycine binding, NMDA glutamate receptor activity, zinc ion binding, amyloid-beta binding, glutamate binding, ligand-gated monoatomic ion channel activity involved in regulation of presynaptic membrane potential, glutamate-gated calcium ion channel activity, Receptor, transmitter-gated monoatomic ion channel activity involved in regulation of postsynaptic membrane potential"
P29371,"Receptor, tachykinin receptor activity"
P05108,"iron ion binding, heme binding, cholesterol monooxygenase (side-chain-cleaving) activity, Enzyme"
P55899,"Receptor, IgG binding, beta-2-microglobulin binding"
P35372,"morphine receptor activity, neuropeptide binding, voltage-gated calcium channel activity, G-protein beta-subunit binding, G protein-coupled receptor activity, Receptor, G-protein alpha-subunit binding, beta-endorphin receptor activity"
P10912,"cytokine binding, protein phosphatase binding, peptide hormone binding, lipid binding, SH2 domain binding, growth hormone receptor activity, growth factor binding, identical protein binding, proline-rich region binding, protein homodimerization activity, protein kinase binding, Receptor"
P01137,"type III transforming growth factor beta receptor binding, identical protein binding, cytokine activity, type II transforming growth factor beta receptor binding, type I transforming growth factor beta receptor binding, deubiquitinase activator activity, protein-containing complex binding, protein serine/threonine kinase activator activity, enzyme binding, growth factor activity"
P43116,"Receptor, prostaglandin E receptor activity"
P61175,"structural constituent of ribosome, large ribosomal subunit rRNA binding"
P04350,"GTP binding, calcium ion binding, structural constituent of cytoskeleton, GTPase activity"
P02358,"small ribosomal subunit rRNA binding, mRNA 5'-UTR binding, structural constituent of ribosome"
P61812,"signaling receptor binding, type III transforming growth factor beta receptor binding, cytokine activity, type II transforming growth factor beta receptor binding, amyloid-beta binding, protein homodimerization activity, transforming growth factor beta receptor binding, growth factor activity"
O43614,"Receptor, orexin receptor activity, peptide hormone binding, neuropeptide receptor activity"
O75899,"Receptor, protein heterodimerization activity, G protein-coupled GABA receptor activity, transmembrane signaling receptor activity"
O14764,"chloride channel activity, GABA-A receptor activity, neurotransmitter receptor activity, Receptor, transmitter-gated monoatomic ion channel activity involved in regulation of postsynaptic membrane potential"
P68871,"oxygen binding, hemoglobin binding, heme binding, hemoglobin alpha binding, metal ion binding, oxygen carrier activity, organic acid binding"
Q71U36,"identical protein binding, structural molecule activity, metal ion binding, hydrolase activity, protein-containing complex binding, GTP binding, protein heterodimerization activity, structural constituent of cytoskeleton"
P78334,"Receptor, GABA-A receptor activity, GABA-gated chloride ion channel activity"
P08588,"beta1-adrenergic receptor activity, alpha-2A adrenergic receptor binding, protein heterodimerization activity, Receptor, PDZ domain binding, beta-adrenergic receptor activity, G protein-coupled neurotransmitter receptor activity involved in regulation of postsynaptic membrane potential"
P35225,"cytokine activity, interleukin-13 receptor binding"
O75116,"histone H3T11 kinase activity, histone H3T3 kinase activity, 3-phosphoinositide-dependent protein kinase activity, AMP-activated protein kinase activity, histone H3S10 kinase activity, structural molecule activity, RNA binding, protease binding, protein serine kinase activity, DNA-dependent protein kinase activity, ATP binding, ribosomal protein S6 kinase activity, Rho-dependent protein serine/threonine kinase activity, histone H3S28 kinase activity, small GTPase binding, histone H3T6 kinase activity, histone H4S1 kinase activity, histone H2BS14 kinase activity, histone H2AXS139 kinase activity, metal ion binding, protein serine/threonine kinase activity, tau protein binding, histone H2AT120 kinase activity, endopeptidase activator activity, eukaryotic translation initiation factor 2alpha kinase activity, histone H3S57 kinase activity, tau-protein kinase activity, histone H2AS1 kinase activity, histone H2BS36 kinase activity, histone H2AS121 kinase activity, histone H3T45 kinase activity"
P0A7K2,"ribosome binding, protein homodimerization activity, mRNA binding, structural constituent of ribosome"
P0A7Q1,structural constituent of ribosome
P53396,"metal ion binding, ATP citrate synthase activity, ATP binding"
P0AG63,"structural constituent of ribosome, small ribosomal subunit rRNA binding, zinc ion binding, rRNA binding"
P47871,"Receptor, glucagon receptor activity, peptide hormone binding, guanyl-nucleotide exchange factor activity"
P12883,"microfilament motor activity, calmodulin binding, actin filament binding, ATP binding"
P04234,"identical protein binding, transmembrane signaling receptor activity"
P02413,"structural constituent of ribosome, rRNA binding"
P0A7M9,"structural constituent of ribosome, zinc ion binding, rRNA binding"
P04233,"cytokine binding, CD4 receptor binding, macrophage migration inhibitory factor binding, identical protein binding, MHC class II protein complex binding, MHC class II protein binding, protein folding chaperone, amyloid-beta binding, MHC class II protein binding, via antigen binding groove, nitric-oxide synthase binding, cytokine receptor activity"
P11802,"ATP binding, cyclin binding, cyclin-dependent protein serine/threonine kinase activity, protein serine kinase activity, cyclin-dependent protein serine/threonine kinase regulator activity"
Q13698,"molecular function activator activity, calmodulin binding, small molecule binding, metal ion binding, high voltage-gated calcium channel activity, voltage-gated calcium channel activity, Channel"
P0AD68,"penicillin binding, serine-type D-Ala-D-Ala carboxypeptidase activity, peptidoglycan glycosyltransferase activity"
P0A7T3,"DNA endonuclease activity, four-way junction DNA binding, structural constituent of ribosome"
P0A7W1,"structural constituent of ribosome, rRNA binding"
P09619,"platelet-derived growth factor alpha-receptor activity, platelet-derived growth factor beta-receptor activity, protein tyrosine kinase collagen receptor activity, hepatocyte growth factor receptor activity, histone H2AXY142 kinase activity, signaling receptor binding, insulin receptor activity, ATP binding, platelet-derived growth factor binding, protein tyrosine kinase activity, stem cell factor receptor activity, brain-derived neurotrophic factor receptor activity, platelet-derived growth factor receptor activity, enzyme binding, insulin-like growth factor receptor activity, placental growth factor receptor activity, phospholipase C activator activity, protein kinase activity, boss receptor activity, vascular endothelial growth factor binding, fibroblast growth factor receptor activity, platelet activating factor receptor activity, epidermal growth factor receptor activity, macrophage colony-stimulating factor receptor activity, GTPase activator activity, platelet-derived growth factor receptor binding, histone H3Y41 kinase activity, GPI-linked ephrin receptor activity, protein kinase binding, Receptor, transmembrane-ephrin receptor activity, vascular endothelial growth factor receptor activity"
Q9NY46,"voltage-gated sodium channel activity, Channel"
Q16602,"calcitonin gene-related peptide receptor activity, G protein-coupled receptor activity, adrenomedullin binding, Receptor, adrenomedullin receptor activity, calcitonin receptor activity"
P0A7N4,structural constituent of ribosome
P05093,"oxygen binding, steroid 17-alpha-monooxygenase activity, heme binding, iron ion binding, lyase activity"
P20594,"hormone binding, peptide hormone binding, protein kinase activity, ATP binding, identical protein binding, guanylate cyclase activity, natriuretic peptide receptor activity, GTP binding, Receptor"
P51813,"ATP binding, protein tyrosine kinase activity, histone H2AXY142 kinase activity, metal ion binding, histone H3Y41 kinase activity, non-membrane spanning protein tyrosine kinase activity"
Q9BVA1,"GTPase activity, metal ion binding, GTP binding, protein heterodimerization activity, structural constituent of cytoskeleton"
Q14973,"bile acid transmembrane transporter activity, virus receptor activity, Transporter, bile acid:sodium symporter activity"
P03372,"transcription corepressor binding, calmodulin binding, RNA polymerase II cis-regulatory region sequence-specific DNA binding, identical protein binding, sequence-specific double-stranded DNA binding, G protein-coupled estrogen receptor activity, DNA-binding transcription factor activity, TFIIB-class transcription factor binding, nuclear estrogen receptor binding, nuclear receptor activity, zinc ion binding, enzyme binding, chromatin binding, DNA-binding transcription factor activity, RNA polymerase II-specific, beta-catenin binding, 14-3-3 protein binding, ATPase binding, estrogen response element binding, steroid binding, nuclear estrogen receptor activity, TBP-class protein binding, nitric-oxide synthase regulator activity, transcription coactivator binding, transcription coregulator binding, protein kinase binding, Receptor, DNA-binding transcription activator activity, RNA polymerase II-specific"
P07949,"platelet-derived growth factor alpha-receptor activity, platelet-derived growth factor beta-receptor activity, protein tyrosine kinase collagen receptor activity, hepatocyte growth factor receptor activity, histone H2AXY142 kinase activity, insulin receptor activity, ATP binding, protein tyrosine kinase activity, stem cell factor receptor activity, transmembrane receptor protein tyrosine kinase activity, brain-derived neurotrophic factor receptor activity, insulin-like growth factor receptor activity, placental growth factor receptor activity, boss receptor activity, fibroblast growth factor receptor activity, epidermal growth factor receptor activity, macrophage colony-stimulating factor receptor activity, calcium ion binding, signaling receptor activity, histone H3Y41 kinase activity, GPI-linked ephrin receptor activity, Receptor, transmembrane-ephrin receptor activity, vascular endothelial growth factor receptor activity"
P51164,"P-type potassium:proton transporter activity, heterocyclic compound binding, ATPase activator activity"
Q9UI33,"voltage-gated sodium channel activity, Channel"
Q05586,"calcium ion binding, ligand-gated sodium channel activity, calmodulin binding, glycine binding, NMDA glutamate receptor activity, signaling receptor activity, ligand-gated monoatomic ion channel activity, amyloid-beta binding, glutamate binding, transmitter-gated monoatomic ion channel activity, glutamate-gated calcium ion channel activity, protein-containing complex binding, Receptor"
P0A7L8,"structural constituent of ribosome, ribosome binding, rRNA binding, tRNA binding"
Q96NY8,"identical protein binding, virus receptor activity, receptor ligand activity"
P09871,"calcium ion binding, serine-type endopeptidase activity, identical protein binding"
P47869,"GABA-A receptor activity, ligand-gated monoatomic ion channel activity involved in regulation of presynaptic membrane potential, GABA-gated chloride ion channel activity, benzodiazepine receptor activity, Receptor, transmitter-gated monoatomic ion channel activity involved in regulation of postsynaptic membrane potential"
P0AG55,"structural constituent of ribosome, large ribosomal subunit rRNA binding"
Q15116,signaling receptor activity
P0DTC2,"host cell surface receptor binding, structural constituent of virion, receptor ligand activity, identical protein binding"
Q16236,"transcription cis-regulatory region binding, DNA-binding transcription factor activity, RNA polymerase II-specific, molecular condensate scaffold activity, RNA polymerase II-specific DNA-binding transcription factor binding, RNA polymerase II cis-regulatory region sequence-specific DNA binding, transcription coregulator binding, ubiquitin protein ligase binding, DNA-binding transcription factor activity, DNA binding, protein domain specific binding, sequence-specific DNA binding, DNA-binding transcription activator activity, RNA polymerase II-specific"
Q9NPF7,"cytokine activity, interleukin-23 receptor binding"
P00519,"bubble DNA binding, SH3 domain binding, kinase activity, four-way junction DNA binding, histone H2AXY142 kinase activity, sequence-specific double-stranded DNA binding, neuropilin binding, magnesium ion binding, syntaxin binding, mitogen-activated protein kinase binding, ATP binding, protein tyrosine kinase activity, actin monomer binding, transcription coactivator activity, actin filament binding, protein kinase activity, SH2 domain binding, protein kinase C binding, phosphotyrosine residue binding, ephrin receptor binding, manganese ion binding, proline-rich region binding, histone H3Y41 kinase activity, delta-catenin binding, DNA binding, nicotinate-nucleotide adenylyltransferase activity, non-membrane spanning protein tyrosine kinase activity"
P31431,"identical protein binding, fibronectin binding, protein kinase C binding, thrombospondin receptor activity"
Q9GZT9,"peptidyl-proline 4-dioxygenase activity, hypoxia-inducible factor-proline dioxygenase activity, peptidyl-proline dioxygenase activity, ferrous iron binding, enzyme binding, L-ascorbic acid binding, 2-oxoglutarate-dependent dioxygenase activity"
Q9H228,"Receptor, sphingosine-1-phosphate receptor activity, G protein-coupled receptor activity"
P68679,"structural constituent of ribosome, rRNA binding"
P37288,"peptide hormone binding, protein kinase C binding, vasopressin receptor activity, Receptor, V1A vasopressin receptor binding"
P17181,"cytokine binding, type I interferon receptor activity, type I interferon binding, Receptor, JAK pathway signal transduction adaptor activity"
Q9H4B7,"GTP binding, structural constituent of cytoskeleton, metal ion binding, GTPase activity"
Q81158,NO_KEYWORDS_FOUND
P60624,"structural constituent of ribosome, large ribosomal subunit rRNA binding"
P0AA10,"mRNA binding, large ribosomal subunit rRNA binding, mRNA 5'-UTR binding, zinc ion binding, structural constituent of ribosome"
Q9Y5C1,"heparin binding, integrin binding, phospholipase inhibitor activity, growth factor activity, enzyme inhibitor activity"
Q01449,calcium ion binding
P42681,"histone H2AXY142 kinase activity, histone H3Y41 kinase activity, non-membrane spanning protein tyrosine kinase activity, ATP binding"
P17948,"platelet-derived growth factor alpha-receptor activity, platelet-derived growth factor beta-receptor activity, protein tyrosine kinase collagen receptor activity, hepatocyte growth factor receptor activity, growth factor binding, histone H2AXY142 kinase activity, insulin receptor activity, ATP binding, stem cell factor receptor activity, transmembrane receptor protein tyrosine kinase activity, brain-derived neurotrophic factor receptor activity, insulin-like growth factor receptor activity, placental growth factor receptor activity, boss receptor activity, fibroblast growth factor receptor activity, epidermal growth factor receptor activity, macrophage colony-stimulating factor receptor activity, histone H3Y41 kinase activity, GPI-linked ephrin receptor activity, Receptor, transmembrane-ephrin receptor activity, vascular endothelial growth factor receptor activity"
Q96PD4,"cytokine binding, cytokine activity, protein homodimerization activity, protein heterodimerization activity, cytokine receptor binding"
P0AEB2,"penicillin binding, carboxypeptidase activity, serine-type D-Ala-D-Ala carboxypeptidase activity, protein homodimerization activity, beta-lactamase activity"
P03952,serine-type endopeptidase activity
P23975,"monoamine transmembrane transporter activity, Transporter, actin binding, alpha-tubulin binding, neurotransmitter:sodium symporter activity, metal ion binding, dopamine:sodium symporter activity, neurotransmitter transmembrane transporter activity, beta-tubulin binding, norepinephrine:sodium symporter activity"
Q02750,"JUN kinase kinase activity, protein kinase activator activity, protein kinase activity, ATP binding, protein serine/threonine/tyrosine kinase activity, histone H2AXY142 kinase activity, MAP kinase kinase activity, protein serine/threonine kinase activity, MAP-kinase scaffold activity, histone H3Y41 kinase activity, protein serine/threonine kinase activator activity, scaffold protein binding, protein serine kinase activity"
P35348,"Receptor, protein heterodimerization activity, alpha1-adrenergic receptor activity"
P62593,beta-lactamase activity
P42680,"ATP binding, histone H2AXY142 kinase activity, metal ion binding, histone H3Y41 kinase activity, phospholipid binding, non-membrane spanning protein tyrosine kinase activity"
P19099,"corticosterone 18-monooxygenase activity, steroid 11-beta-monooxygenase activity, heme binding, steroid hydroxylase activity, iron ion binding"
B5U1R8,"penicillin binding, beta-lactamase activity"
P11274,"histone H3T11 kinase activity, histone H3T3 kinase activity, 3-phosphoinositide-dependent protein kinase activity, AMP-activated protein kinase activity, histone H3S10 kinase activity, guanyl-nucleotide exchange factor activity, protein serine kinase activity, DNA-dependent protein kinase activity, ATP binding, protein tyrosine kinase activity, ribosomal protein S6 kinase activity, Rho-dependent protein serine/threonine kinase activity, histone H3S28 kinase activity, histone H3T6 kinase activity, histone H4S1 kinase activity, histone H2BS14 kinase activity, histone H2AXS139 kinase activity, protein serine/threonine kinase activity, histone H2AT120 kinase activity, eukaryotic translation initiation factor 2alpha kinase activity, histone H3S57 kinase activity, GTPase activator activity, histone H2AS1 kinase activity, histone H2BS36 kinase activity, histone H2AS121 kinase activity, histone H3T45 kinase activity"
P13569,"DNA clamp loader activity, chloride transmembrane transporter activity, Sec61 translocon complex binding, ATP hydrolysis activity, bicarbonate transmembrane transporter activity, chloride channel regulator activity, ATP binding, cohesin loader activity, ATPase-coupled transmembrane transporter activity, chromatin extrusion motor activity, intracellularly ATP-gated chloride channel activity, enzyme binding, chloride channel inhibitor activity, PDZ domain binding, chloride channel activity, protein-folding chaperone binding, ATP-dependent H2AZ histone chaperone activity, ABC-type transporter activity, ATP-dependent H3-H4 histone complex chaperone activity, 14-3-3 protein binding, isomerase activity, ATPase-coupled inorganic anion transmembrane transporter activity"
P0ADY3,"structural constituent of ribosome, large ribosomal subunit rRNA binding"
P35869,"transcription cis-regulatory region binding, cis-regulatory region sequence-specific DNA binding, DNA-binding transcription factor activity, RNA polymerase II-specific, TFIID-class transcription factor complex binding, RNA polymerase II-specific DNA-binding transcription factor binding, TBP-class protein binding, E-box binding, DNA binding, transcription coactivator binding, nuclear receptor activity, sequence-specific double-stranded DNA binding, Hsp90 protein binding, protein homodimerization activity, DNA-binding transcription factor activity, Receptor, protein heterodimerization activity"
P0ADZ0,"structural constituent of ribosome, rRNA binding"
P0A7L3,"mRNA regulatory element binding translation repressor activity, mRNA binding, structural constituent of ribosome, large ribosomal subunit rRNA binding"
Q6PEY2,"GTP binding, metal ion binding, hydrolase activity, structural constituent of cytoskeleton"
Q14524,"calmodulin binding, voltage-gated sodium channel activity involved in SA node cell action potential, transmembrane transporter binding, fibroblast growth factor binding, ubiquitin protein ligase binding, voltage-gated sodium channel activity, scaffold protein binding, nitric-oxide synthase binding, voltage-gated sodium channel activity involved in AV node cell action potential, voltage-gated sodium channel activity involved in cardiac muscle cell action potential, protein kinase binding, enzyme binding, voltage-gated sodium channel activity involved in Purkinje myocyte action potential, ankyrin binding, voltage-gated sodium channel activity involved in bundle of His cell action potential, protein domain specific binding, Channel"
P35916,"platelet-derived growth factor alpha-receptor activity, platelet-derived growth factor beta-receptor activity, protein tyrosine kinase collagen receptor activity, hepatocyte growth factor receptor activity, growth factor binding, histone H2AXY142 kinase activity, insulin receptor activity, ATP binding, stem cell factor receptor activity, transmembrane receptor protein tyrosine kinase activity, brain-derived neurotrophic factor receptor activity, insulin-like growth factor receptor activity, placental growth factor receptor activity, protein phosphatase binding, boss receptor activity, fibroblast growth factor receptor activity, protein homodimerization activity, epidermal growth factor receptor activity, macrophage colony-stimulating factor receptor activity, histone H3Y41 kinase activity, GPI-linked ephrin receptor activity, Receptor, transmembrane-ephrin receptor activity, vascular endothelial growth factor receptor activity"
P30518,"Receptor, vasopressin receptor activity"
P10916,"actin monomer binding, calcium ion binding, myosin heavy chain binding, structural constituent of muscle"
P0C731,"histone H3T11 kinase activity, histone H3T3 kinase activity, 3-phosphoinositide-dependent protein kinase activity, AMP-activated protein kinase activity, histone H3S10 kinase activity, protein serine kinase activity, DNA-dependent protein kinase activity, ATP binding, ribosomal protein S6 kinase activity, Rho-dependent protein serine/threonine kinase activity, histone H3S28 kinase activity, histone H3T6 kinase activity, histone H4S1 kinase activity, histone H2BS14 kinase activity, histone H2AXS139 kinase activity, histone H2AT120 kinase activity, histone H3S57 kinase activity, histone H2AS1 kinase activity, histone H2BS36 kinase activity, histone H2AS121 kinase activity, histone H3T45 kinase activity"
P08913,"thioesterase binding, norepinephrine binding, alpha2-adrenergic receptor activity, alpha-2C adrenergic receptor binding, protein homodimerization activity, protein kinase binding, heterotrimeric G-protein binding, Receptor, epinephrine binding, protein heterodimerization activity, alpha-1B adrenergic receptor binding, guanyl-nucleotide exchange factor activity"
P0A7R5,"transcription antitermination factor activity, RNA binding, structural constituent of ribosome, tRNA binding"
P18627,"antigen binding, transmembrane signaling receptor activity, MHC class II protein binding"
P69905,"oxygen binding, heme binding, iron ion binding, oxygen carrier activity, organic acid binding"
P00374,"mRNA binding, NADPH binding, dihydrofolate reductase activity, NADP binding, mRNA regulatory element binding translation repressor activity, folic acid binding, sequence-specific mRNA binding"
P31749,"histone H3T11 kinase activity, calmodulin binding, histone H3T3 kinase activity, kinase activity, 3-phosphoinositide-dependent protein kinase activity, identical protein binding, AMP-activated protein kinase activity, histone H3S10 kinase activity, phosphatidylinositol-3,4,5-trisphosphate binding, protein serine kinase activity, DNA-dependent protein kinase activity, ATP binding, protein serine/threonine/tyrosine kinase activity, ribosomal protein S6 kinase activity, Rho-dependent protein serine/threonine kinase activity, histone H3S28 kinase activity, enzyme binding, histone H3T6 kinase activity, protein kinase activity, histone H4S1 kinase activity, histone H2BS14 kinase activity, histone H2AXS139 kinase activity, 14-3-3 protein binding, protein serine/threonine kinase activity, phosphatidylinositol-3,4-bisphosphate binding, protein homodimerization activity, histone H2AT120 kinase activity, eukaryotic translation initiation factor 2alpha kinase activity, histone H3S57 kinase activity, histone H2AS1 kinase activity, nitric-oxide synthase regulator activity, histone H2BS36 kinase activity, histone H2AS121 kinase activity, potassium channel activator activity, protein kinase binding, protein serine/threonine kinase inhibitor activity, histone H3T45 kinase activity"
Q06187,"phospholipase binding, ATP binding, protein tyrosine kinase activity, identical protein binding, histone H2AXY142 kinase activity, metal ion binding, phospholipase activator activity, histone H3Y41 kinase activity, phosphatidylinositol-3,4,5-trisphosphate binding, non-membrane spanning protein tyrosine kinase activity"
P08235,"DNA-binding transcription factor activity, RNA polymerase II-specific, TBP-class protein binding, nuclear steroid receptor activity, nuclear receptor activity, sequence-specific double-stranded DNA binding, zinc ion binding, DNA-binding transcription factor activity, Receptor, estrogen response element binding, steroid binding"
P07437,"GTPase activating protein binding, GTPase activity, structural molecule activity, ubiquitin protein ligase binding, metal ion binding, protein-containing complex binding, GTP binding, protein domain specific binding, MHC class I protein binding, structural constituent of cytoskeleton"
Q9Y243,"histone H3T11 kinase activity, histone H3T3 kinase activity, 3-phosphoinositide-dependent protein kinase activity, AMP-activated protein kinase activity, histone H3S10 kinase activity, protein serine kinase activity, DNA-dependent protein kinase activity, ATP binding, ribosomal protein S6 kinase activity, Rho-dependent protein serine/threonine kinase activity, histone H3S28 kinase activity, histone H3T6 kinase activity, protein kinase activity, histone H4S1 kinase activity, histone H2BS14 kinase activity, histone H2AXS139 kinase activity, protein serine/threonine kinase activity, histone H2AT120 kinase activity, eukaryotic translation initiation factor 2alpha kinase activity, histone H3S57 kinase activity, histone H2AS1 kinase activity, histone H2BS36 kinase activity, histone H2AS121 kinase activity, histone H3T45 kinase activity"
P41145,"neuropeptide binding, dynorphin receptor activity, G protein-coupled opioid receptor activity, Receptor, receptor serine/threonine kinase binding"
P36507,"JUN kinase kinase activity, ATP binding, protein serine/threonine/tyrosine kinase activity, histone H2AXY142 kinase activity, MAP kinase kinase activity, metal ion binding, protein serine/threonine kinase activity, MAP-kinase scaffold activity, histone H3Y41 kinase activity, protein serine/threonine kinase activator activity, PDZ domain binding, scaffold protein binding, protein serine kinase activity"
Q01668,"calcium channel activity, voltage-gated calcium channel activity, voltage-gated calcium channel activity involved SA node cell action potential, metal ion binding, ankyrin binding, alpha-actinin binding, voltage-gated calcium channel activity involved in cardiac muscle cell action potential, Channel"
P00740,"calcium ion binding, serine-type endopeptidase activity, endopeptidase activity, metal ion binding"
Q7ZJM1,"RNA stem-loop binding, zinc ion binding, RNA-directed DNA polymerase activity, DNA binding, endonuclease activity"
Q9BUF5,"GTP binding, structural constituent of cytoskeleton, metal ion binding, GTPase activity"
P10092,"neuropeptide hormone activity, calcitonin receptor binding, hormone activity"
P16788,"histone H3T11 kinase activity, histone H3T3 kinase activity, 3-phosphoinositide-dependent protein kinase activity, AMP-activated protein kinase activity, histone H3S10 kinase activity, protein serine kinase activity, DNA-dependent protein kinase activity, ATP binding, ribosomal protein S6 kinase activity, Rho-dependent protein serine/threonine kinase activity, histone H3S28 kinase activity, histone H3T6 kinase activity, histone H4S1 kinase activity, histone H2BS14 kinase activity, histone H2AXS139 kinase activity, histone H2AT120 kinase activity, histone H3S57 kinase activity, histone H2AS1 kinase activity, histone H2BS36 kinase activity, histone H2AS121 kinase activity, histone H3T45 kinase activity"
P0AD65,"penicillin binding, serine-type D-Ala-D-Ala carboxypeptidase activity, peptidoglycan L,D-transpeptidase activity"
P04629,"platelet-derived growth factor alpha-receptor activity, platelet-derived growth factor beta-receptor activity, protein tyrosine kinase collagen receptor activity, hepatocyte growth factor receptor activity, identical protein binding, histone H2AXY142 kinase activity, nerve growth factor binding, insulin receptor activity, ATP binding, protein tyrosine kinase activity, stem cell factor receptor activity, transmembrane receptor protein tyrosine kinase activity, brain-derived neurotrophic factor receptor activity, insulin-like growth factor receptor activity, placental growth factor receptor activity, boss receptor activity, kinase binding, fibroblast growth factor receptor activity, protein homodimerization activity, epidermal growth factor receptor activity, macrophage colony-stimulating factor receptor activity, neurotrophin receptor activity, neurotrophin p75 receptor binding, nerve growth factor receptor activity, histone H3Y41 kinase activity, GPI-linked ephrin receptor activity, neurotrophin binding, Receptor, transmembrane-ephrin receptor activity, vascular endothelial growth factor receptor activity"
Q8N1C3,"Receptor, GABA receptor binding, GABA-A receptor activity, GABA-gated chloride ion channel activity"
P40259,"Receptor, identical protein binding, transmembrane signaling receptor activity"
P31645,"integrin binding, monoamine transmembrane transporter activity, actin filament binding, Transporter, identical protein binding, serotonin binding, monoatomic cation channel activity, syntaxin-1 binding, nitric-oxide synthase binding, sodium ion binding, antiporter activity, neurotransmitter transmembrane transporter activity, serotonin:sodium:chloride symporter activity, cocaine binding"
Q89535,NO_KEYWORDS_FOUND
Q02108,"GTP binding, heme binding, signaling receptor activity, guanylate cyclase activity"
Q08209,"calcium ion binding, protein dimerization activity, calmodulin binding, calmodulin-dependent protein phosphatase activity, histone H2AXS140 phosphatase activity, RNA polymerase II CTD heptapeptide repeat S5 phosphatase activity, ATPase binding, myosin phosphatase activity, RNA polymerase II CTD heptapeptide repeat Y1 phosphatase activity, protein-containing complex binding, RNA polymerase II CTD heptapeptide repeat S7 phosphatase activity, enzyme binding, MAP kinase serine/threonine phosphatase activity, protein serine/threonine phosphatase activity, RNA polymerase II CTD heptapeptide repeat T4 phosphatase activity, RNA polymerase II CTD heptapeptide repeat S2 phosphatase activity"
Q9BQE3,"structural molecule activity, metal ion binding, hydrolase activity, GTP binding, structural constituent of cytoskeleton"
P11387,"single-stranded DNA binding, RNA polymerase II cis-regulatory region sequence-specific DNA binding, ATP binding, DNA binding, RNA binding, protein serine/threonine kinase activity, DNA topoisomerase type I (single strand cut, ATP-independent) activity, supercoiled DNA binding, DNA binding, bending, chromatin binding, protein domain specific binding, double-stranded DNA binding"
Q9NPH3,"coreceptor activity, NAD+ nucleotidase, cyclic ADP-ribose generating, NAD+ nucleosidase activity, Receptor, interleukin-1 receptor activity, interleukin-33 receptor activity"
Q2EEQ2,structural constituent of ribosome
P08709,"calcium ion binding, serine-type endopeptidase activity, signaling receptor binding, serine-type peptidase activity"
P62399,"tRNA binding, 5S rRNA binding, structural constituent of ribosome, RNA binding"
P23458,"protein phosphatase binding, growth hormone receptor binding, ATP binding, protein tyrosine kinase activity, histone H2AXY142 kinase activity, ubiquitin protein ligase binding, metal ion binding, CCR5 chemokine receptor binding, histone H3Y41 kinase activity, non-membrane spanning protein tyrosine kinase activity"
P48546,"glucagon family peptide binding, peptide hormone binding, gastric inhibitory peptide receptor activity, Receptor, G protein-coupled peptide receptor activity, transmembrane signaling receptor activity"
O95977,"Receptor, sphingosine-1-phosphate receptor activity, G protein-coupled receptor activity, lipid binding"
P16109,"heparin binding, calcium ion binding, fucose binding, integrin binding, oligosaccharide binding, glycosphingolipid binding, sialic acid binding, calcium-dependent protein binding, lipopolysaccharide binding"
D3JXP9,"penicillin binding, beta-lactamase activity"
Q9NZD1,"Receptor, protein kinase activator activity, G protein-coupled receptor activity"
C7ETQ3,"zinc ion binding, beta-lactamase activity"
P42336,"histone H3T11 kinase activity, histone H3T3 kinase activity, 3-phosphoinositide-dependent protein kinase activity, AMP-activated protein kinase activity, histone H3S10 kinase activity, protein serine kinase activity, DNA-dependent protein kinase activity, protein kinase activator activity, ATP binding, ribosomal protein S6 kinase activity, Rho-dependent protein serine/threonine kinase activity, histone H3S28 kinase activity, insulin receptor substrate binding, histone H3T6 kinase activity, 1-phosphatidylinositol-4,5-bisphosphate 3-kinase activity, histone H2BS14 kinase activity, histone H2AXS139 kinase activity, histone H4S1 kinase activity, histone H2AT120 kinase activity, eukaryotic translation initiation factor 2alpha kinase activity, histone H3S57 kinase activity, histone H2AS1 kinase activity, histone H2BS36 kinase activity, histone H2AS121 kinase activity, 1-phosphatidylinositol-4-phosphate 3-kinase activity, histone H3T45 kinase activity, 1-phosphatidylinositol-3-kinase activity"
P14416,"dopamine binding, potassium channel regulator activity, dopamine neurotransmitter receptor activity, coupled via Gi/Go, identical protein binding, G protein-coupled receptor activity, ionotropic glutamate receptor binding, heterocyclic compound binding, heterotrimeric G-protein binding, Receptor, G-protein alpha-subunit binding"
Q9Y5N1,"Receptor, histamine receptor activity, neurotransmitter receptor activity"
P21964,"catechol O-methyltransferase activity, O-methyltransferase activity, magnesium ion binding, methyltransferase activity"
Q13464,"histone H3T11 kinase activity, histone H3T3 kinase activity, 3-phosphoinositide-dependent protein kinase activity, AMP-activated protein kinase activity, histone H3S10 kinase activity, protein serine kinase activity, DNA-dependent protein kinase activity, ATP binding, ribosomal protein S6 kinase activity, Rho-dependent protein serine/threonine kinase activity, histone H3S28 kinase activity, small GTPase binding, histone H3T6 kinase activity, protein kinase activity, histone H4S1 kinase activity, histone H2BS14 kinase activity, histone H2AXS139 kinase activity, metal ion binding, protein serine/threonine kinase activity, tau protein binding, histone H2AT120 kinase activity, eukaryotic translation initiation factor 2alpha kinase activity, histone H3S57 kinase activity, tau-protein kinase activity, histone H2AS1 kinase activity, histone H2BS36 kinase activity, histone H2AS121 kinase activity, histone H3T45 kinase activity"
P20648,"ATP hydrolysis activity, ATP binding, potassium ion binding, P-type potassium:proton transporter activity, P-type sodium:potassium-exchanging transporter activity, magnesium ion binding"
P22607,"platelet-derived growth factor alpha-receptor activity, platelet-derived growth factor beta-receptor activity, protein tyrosine kinase collagen receptor activity, hepatocyte growth factor receptor activity, identical protein binding, histone H2AXY142 kinase activity, insulin receptor activity, ATP binding, protein tyrosine kinase activity, stem cell factor receptor activity, brain-derived neurotrophic factor receptor activity, insulin-like growth factor receptor activity, placental growth factor receptor activity, boss receptor activity, fibroblast growth factor binding, fibroblast growth factor receptor activity, epidermal growth factor receptor activity, macrophage colony-stimulating factor receptor activity, histone H3Y41 kinase activity, GPI-linked ephrin receptor activity, Receptor, transmembrane-ephrin receptor activity, vascular endothelial growth factor receptor activity"
P0A7J7,"structural constituent of ribosome, rRNA binding, large ribosomal subunit rRNA binding"
P07550,"potassium channel regulator activity, identical protein binding, adenylate cyclase binding, amyloid-beta binding, beta2-adrenergic receptor activity, protein homodimerization activity, protein-containing complex binding, Receptor, norepinephrine binding"
P02919,"penicillin binding, serine-type D-Ala-D-Ala carboxypeptidase activity, peptidoglycan glycosyltransferase activity"
Q9EXV5,beta-lactamase activity
Q16288,"platelet-derived growth factor alpha-receptor activity, platelet-derived growth factor beta-receptor activity, protein tyrosine kinase collagen receptor activity, hepatocyte growth factor receptor activity, histone H2AXY142 kinase activity, insulin receptor activity, ATP binding, stem cell factor receptor activity, transmembrane receptor protein tyrosine kinase activity, brain-derived neurotrophic factor receptor activity, insulin-like growth factor receptor activity, p53 binding, placental growth factor receptor activity, boss receptor activity, fibroblast growth factor receptor activity, epidermal growth factor receptor activity, macrophage colony-stimulating factor receptor activity, neurotrophin receptor activity, histone H3Y41 kinase activity, GPI-linked ephrin receptor activity, neurotrophin binding, Receptor, transmembrane-ephrin receptor activity, vascular endothelial growth factor receptor activity"
P30968,"Receptor, gonadotropin-releasing hormone receptor activity"
P35968,"platelet-derived growth factor alpha-receptor activity, platelet-derived growth factor beta-receptor activity, protein tyrosine kinase collagen receptor activity, hepatocyte growth factor receptor activity, identical protein binding, growth factor binding, histone H2AXY142 kinase activity, insulin receptor activity, ATP binding, protein tyrosine kinase activity, stem cell factor receptor activity, transmembrane receptor protein tyrosine kinase activity, Hsp90 protein binding, brain-derived neurotrophic factor receptor activity, insulin-like growth factor receptor activity, integrin binding, placental growth factor receptor activity, boss receptor activity, vascular endothelial growth factor binding, fibroblast growth factor receptor activity, epidermal growth factor receptor activity, macrophage colony-stimulating factor receptor activity, coreceptor activity, cadherin binding, histone H3Y41 kinase activity, GPI-linked ephrin receptor activity, Receptor, transmembrane-ephrin receptor activity, vascular endothelial growth factor receptor activity"
Q15910,"transcription corepressor binding, primary miRNA binding, protein-lysine N-methyltransferase activity, histone H3K27 methyltransferase activity, promoter-specific chromatin binding, histone H3 methyltransferase activity, RNA polymerase II cis-regulatory region sequence-specific DNA binding, transcription corepressor activity, RNA binding, histone H3K27 trimethyltransferase activity, lncRNA binding, ribonucleoprotein complex binding, histone methyltransferase activity, nucleosome binding, histone binding, chromatin binding, RNA polymerase II core promoter sequence-specific DNA binding, chromatin DNA binding"
P48764,"identical protein binding, potassium:proton antiporter activity, phosphatidylinositol binding, PDZ domain binding, sodium:proton antiporter activity"
O13428,"1,3-beta-D-glucan synthase activity"
P24735,beta-lactamase activity
P15328,"Receptor, folic acid binding, folic acid receptor activity, signaling receptor activity"
P0A7V0,"zinc ion binding, structural constituent of ribosome"
P11362,"platelet-derived growth factor alpha-receptor activity, platelet-derived growth factor beta-receptor activity, protein tyrosine kinase collagen receptor activity, hepatocyte growth factor receptor activity, identical protein binding, histone H2AXY142 kinase activity, insulin receptor activity, ATP binding, protein tyrosine kinase activity, stem cell factor receptor activity, brain-derived neurotrophic factor receptor activity, insulin-like growth factor receptor activity, heparin binding, placental growth factor receptor activity, receptor-receptor interaction, SH2 domain binding, boss receptor activity, fibroblast growth factor binding, fibroblast growth factor receptor activity, protein homodimerization activity, epidermal growth factor receptor activity, macrophage colony-stimulating factor receptor activity, histone H3Y41 kinase activity, GPI-linked ephrin receptor activity, Receptor, transmembrane-ephrin receptor activity, vascular endothelial growth factor receptor activity"
P06881,"signaling receptor binding, protein-containing complex binding, hormone activity"
P00533,"calmodulin binding, platelet-derived growth factor alpha-receptor activity, platelet-derived growth factor beta-receptor activity, protein tyrosine kinase collagen receptor activity, hepatocyte growth factor receptor activity, identical protein binding, MAP kinase kinase kinase activity, histone H2AXY142 kinase activity, protein tyrosine kinase activator activity, double-stranded DNA binding, insulin receptor activity, ATP binding, protein tyrosine kinase activity, stem cell factor receptor activity, transmembrane receptor protein tyrosine kinase activity, brain-derived neurotrophic factor receptor activity, virus receptor activity, epidermal growth factor binding, enzyme binding, chromatin binding, insulin-like growth factor receptor activity, transmembrane signaling receptor activity, integrin binding, placental growth factor receptor activity, protein phosphatase binding, actin filament binding, boss receptor activity, kinase binding, ubiquitin protein ligase binding, ATPase binding, fibroblast growth factor receptor activity, epidermal growth factor receptor activity, macrophage colony-stimulating factor receptor activity, cadherin binding, histone H3Y41 kinase activity, GPI-linked ephrin receptor activity, protein kinase binding, Receptor, transmembrane-ephrin receptor activity, vascular endothelial growth factor receptor activity"
P27487,"signaling receptor binding, serine-type endopeptidase activity, chemorepellent activity, identical protein binding, aminopeptidase activity, virus receptor activity, protein homodimerization activity, dipeptidyl-peptidase activity, protease binding, serine-type peptidase activity"
P28472,"GABA-A receptor activity, neurotransmitter receptor activity, identical protein binding, GABA-gated chloride ion channel activity, Receptor"
P29597,"growth hormone receptor binding, ATP binding, protein tyrosine kinase activity, histone H2AXY142 kinase activity, type 1 angiotensin receptor binding, histone H3Y41 kinase activity, Receptor, non-membrane spanning protein tyrosine kinase activity"
P05067,"heparin binding, signaling receptor binding, receptor ligand activity, RNA polymerase II cis-regulatory region sequence-specific DNA binding, protein serine/threonine kinase binding, identical protein binding, signaling receptor activator activity, PTB domain binding, transition metal ion binding, enzyme binding, DNA binding, serine-type endopeptidase inhibitor activity"
Q9HB29,"NAD+ nucleotidase, cyclic ADP-ribose generating, NAD+ nucleosidase activity, Receptor, interleukin-1 receptor activity, interleukin-1, type I, activating receptor activity"
P0A7S9,"structural constituent of ribosome, rRNA binding, tRNA binding"
P49286,"Receptor, melatonin receptor activity, G protein-coupled receptor activity"
P0AG59,"structural constituent of ribosome, rRNA binding, tRNA binding"
Q9Y5Y9,"transmembrane transporter binding, voltage-gated sodium channel activity, voltage-gated monoatomic ion channel activity involved in regulation of presynaptic membrane potential, Channel"
Q01959,"amine binding, signaling receptor binding, monoamine transmembrane transporter activity, Transporter, protein phosphatase 2A binding, metal ion binding, dopamine:sodium symporter activity, protein-containing complex binding, heterocyclic compound binding, neurotransmitter transmembrane transporter activity, protease binding, dopamine binding, norepinephrine:sodium symporter activity"
P0C6U8,"cysteine-type deubiquitinase activity, K48-linked deubiquitinase activity, RNA-dependent RNA polymerase activity, identical protein binding, cysteine-type endopeptidase activity, lyase activity, zinc ion binding, omega peptidase activity, G-quadruplex RNA binding, methyltransferase activity, single-stranded RNA binding, K63-linked deubiquitinase activity, endonuclease activity"
Q9UBS5,"Receptor, G protein-coupled GABA receptor activity, G protein-coupled neurotransmitter receptor activity involved in regulation of postsynaptic membrane potential, G protein-coupled neurotransmitter receptor activity involved in regulation of presynaptic membrane potential"
Q8RLA6,"penicillin binding, beta-lactamase activity"
P35498,"voltage-gated sodium channel activity, voltage-gated monoatomic ion channel activity involved in regulation of presynaptic membrane potential, Channel"
P00451,"copper ion binding, oxidoreductase activity"
P49356,"protein farnesyltransferase activity, zinc ion binding"
P41143,"neuropeptide binding, G protein-coupled enkephalin receptor activity, G protein-coupled opioid receptor activity, Receptor, receptor serine/threonine kinase binding"
P30556,"bradykinin receptor binding, angiotensin type I receptor activity, angiotensin type II receptor activity, Receptor, protein heterodimerization activity"
Q12879,"NMDA glutamate receptor activity, zinc ion binding, amyloid-beta binding, glutamate-gated calcium ion channel activity, Receptor, transmitter-gated monoatomic ion channel activity involved in regulation of postsynaptic membrane potential"
P35368,"Receptor, protein heterodimerization activity, alpha1-adrenergic receptor activity"
P0AG44,structural constituent of ribosome
Q15858,"voltage-gated sodium channel activity, Channel"
P08908,"receptor-receptor interaction, neurotransmitter receptor activity, serotonin binding, serotonin receptor activity, Gi/o-coupled serotonin receptor activity, G protein-coupled serotonin receptor activity, Receptor"
P33402,"GTP binding, heme binding, guanylate cyclase activity"
O14980,"nuclear export signal receptor activity, small GTPase binding, RNA binding"
P10275,"RNA polymerase II cis-regulatory region sequence-specific DNA binding, G protein-coupled receptor activity, DNA-binding transcription factor activity, POU domain binding, RNA polymerase II core promoter sequence-specific DNA binding, Receptor, signaling receptor binding, nuclear receptor activity, zinc ion binding, enzyme binding, chromatin binding, molecular adaptor activity, androgen binding, DNA-binding transcription factor activity, RNA polymerase II-specific, beta-catenin binding, ATPase binding, estrogen response element binding, steroid binding, transcription cis-regulatory region binding, molecular condensate scaffold activity, RNA polymerase II-specific DNA-binding transcription factor binding, transcription coactivator binding, RNA polymerase II general transcription initiation factor binding, DNA-binding transcription activator activity, RNA polymerase II-specific"
Q16620,"platelet-derived growth factor alpha-receptor activity, platelet-derived growth factor beta-receptor activity, protein tyrosine kinase collagen receptor activity, hepatocyte growth factor receptor activity, histone H2AXY142 kinase activity, protease binding, insulin receptor activity, ATP binding, brain-derived neurotrophic factor binding, stem cell factor receptor activity, brain-derived neurotrophic factor receptor activity, insulin-like growth factor receptor activity, placental growth factor receptor activity, boss receptor activity, fibroblast growth factor receptor activity, protein homodimerization activity, epidermal growth factor receptor activity, macrophage colony-stimulating factor receptor activity, histone H3Y41 kinase activity, GPI-linked ephrin receptor activity, neurotrophin binding, Receptor, transmembrane-ephrin receptor activity, vascular endothelial growth factor receptor activity"
P0AG48,"structural constituent of ribosome, rRNA binding"
P16410,NO_KEYWORDS_FOUND
P21802,"platelet-derived growth factor alpha-receptor activity, platelet-derived growth factor beta-receptor activity, protein tyrosine kinase collagen receptor activity, hepatocyte growth factor receptor activity, identical protein binding, histone H2AXY142 kinase activity, insulin receptor activity, ATP binding, protein tyrosine kinase activity, stem cell factor receptor activity, brain-derived neurotrophic factor receptor activity, insulin-like growth factor receptor activity, heparin binding, placental growth factor receptor activity, boss receptor activity, fibroblast growth factor binding, fibroblast growth factor receptor activity, protein homodimerization activity, epidermal growth factor receptor activity, macrophage colony-stimulating factor receptor activity, histone H3Y41 kinase activity, GPI-linked ephrin receptor activity, Receptor, transmembrane-ephrin receptor activity, vascular endothelial growth factor receptor activity"
P0AG67,"single-stranded RNA binding, mRNA binding, structural constituent of ribosome, RNA binding"
O00329,"1-phosphatidylinositol-4-phosphate 3-kinase activity, ATP binding, 1-phosphatidylinositol-3-kinase activity, 1-phosphatidylinositol-4,5-bisphosphate 3-kinase activity"
P13533,"calmodulin binding, actin filament binding, ATP binding, microfilament motor activity, myosin phosphatase activity, protein kinase binding"
O95136,"integrin binding, lipid binding, G protein-coupled receptor binding, G protein-coupled receptor activity, Receptor, sphingosine-1-phosphate receptor activity, G protein-coupled peptide receptor activity"
P0A884,"protein homodimerization activity, magnesium ion binding, thymidylate synthase activity, RNA binding"
P29460,"cytokine binding, identical protein binding, cytokine activity, interleukin-12 alpha subunit binding, protein-containing complex binding, protein heterodimerization activity, cytokine receptor activity, interleukin-12 receptor binding"
P0C018,"5S rRNA binding, structural constituent of ribosome"
O15399,"voltage-gated monoatomic cation channel activity, NMDA glutamate receptor activity, glutamate-gated receptor activity, glutamate binding, ligand-gated monoatomic ion channel activity involved in regulation of presynaptic membrane potential, glutamate-gated calcium ion channel activity, Receptor, transmitter-gated monoatomic ion channel activity involved in regulation of postsynaptic membrane potential"
P49354,"Rab geranylgeranyltransferase activity, receptor tyrosine kinase binding, alpha-tubulin binding, protein geranylgeranyltransferase activity, CAAX-protein geranylgeranyltransferase activity, microtubule binding, molecular adaptor activity, protein farnesyltransferase activity"
B4URF0,"exo-alpha-sialidase activity, metal ion binding"
Q92731,"DNA-binding transcription factor activity, RNA polymerase II-specific, nuclear estrogen receptor activity, RNA polymerase II cis-regulatory region sequence-specific DNA binding, DNA binding, nuclear steroid receptor activity, nuclear receptor activity, zinc ion binding, receptor antagonist activity, enzyme binding, Receptor, estrogen response element binding, steroid binding"
P0A7V3,"structural constituent of ribosome, mRNA binding, rRNA binding"
P0A7N1,structural constituent of ribosome
P08069,"platelet-derived growth factor alpha-receptor activity, platelet-derived growth factor beta-receptor activity, protein tyrosine kinase collagen receptor activity, hepatocyte growth factor receptor activity, identical protein binding, histone H2AXY142 kinase activity, insulin-like growth factor binding, phosphatidylinositol 3-kinase binding, insulin receptor activity, ATP binding, protein tyrosine kinase activity, insulin binding, stem cell factor receptor activity, brain-derived neurotrophic factor receptor activity, insulin-like growth factor I binding, protein-containing complex binding, insulin-like growth factor receptor activity, G-protein alpha-subunit binding, insulin receptor substrate binding, placental growth factor receptor activity, boss receptor activity, insulin receptor binding, fibroblast growth factor receptor activity, epidermal growth factor receptor activity, macrophage colony-stimulating factor receptor activity, histone H3Y41 kinase activity, GPI-linked ephrin receptor activity, Receptor, transmembrane-ephrin receptor activity, protein transporter activity, vascular endothelial growth factor receptor activity"
P04578,structural molecule activity
P68363,"double-stranded RNA binding, GTPase activity, structural molecule activity, ubiquitin protein ligase binding, GTP binding, structural constituent of cytoskeleton"
P40967,identical protein binding
P0A7R9,"small ribosomal subunit rRNA binding, structural constituent of ribosome"
P01116,"GTPase activity, identical protein binding, GDP binding, G protein activity, protein-containing complex binding, GTP binding, protein-membrane adaptor activity"
Q02223,"Receptor, signaling receptor activity"
Q9BQB4,"heparin binding, carbohydrate binding, BMP binding, molecular function inhibitor activity, DNA-binding transcription factor binding"
Q4WLT4,"1,3-beta-D-glucan synthase activity"
P31644,"GABA-A receptor activity, signaling receptor activity, ligand-gated monoatomic ion channel activity involved in regulation of presynaptic membrane potential, GABA-gated chloride ion channel activity, Receptor, GABA receptor binding, transmitter-gated monoatomic ion channel activity involved in regulation of postsynaptic membrane potential"
Q02153,"heme binding, signaling receptor activity, Hsp90 protein binding, guanylate cyclase activity, metal ion binding, cytidylate cyclase activity, protein-containing complex binding, GTP binding, nitric oxide binding, adenylate cyclase activity"
A7E2Y1,"microfilament motor activity, actin filament binding, ATP binding"
P15692,"heparin binding, receptor ligand activity, vascular endothelial growth factor receptor 1 binding, identical protein binding, cytokine activity, chemoattractant activity, platelet-derived growth factor receptor binding, transmembrane receptor protein tyrosine kinase activator activity, growth factor activity, vascular endothelial growth factor receptor 2 binding, vascular endothelial growth factor receptor binding, protein homodimerization activity, neuropilin binding, extracellular matrix binding, fibronectin binding"
P01008,"heparin binding, serine-type endopeptidase inhibitor activity, protease binding, identical protein binding"
Q9NXG6,"calcium ion binding, hypoxia-inducible factor-proline dioxygenase activity, iron ion binding, procollagen-proline 4-dioxygenase activity, L-ascorbic acid binding, 2-oxoglutarate-dependent dioxygenase activity"
P49674,"histone H3T11 kinase activity, histone H3T3 kinase activity, 3-phosphoinositide-dependent protein kinase activity, AMP-activated protein kinase activity, histone H3S10 kinase activity, RNA binding, protein serine kinase activity, DNA-dependent protein kinase activity, ATP binding, ribosomal protein S6 kinase activity, Rho-dependent protein serine/threonine kinase activity, histone H3S28 kinase activity, histone H3T6 kinase activity, protein kinase activity, histone H4S1 kinase activity, histone H2BS14 kinase activity, histone H2AXS139 kinase activity, protein serine/threonine kinase activity, histone H2AT120 kinase activity, eukaryotic translation initiation factor 2alpha kinase activity, histone H3S57 kinase activity, histone H2AS1 kinase activity, histone H2BS36 kinase activity, histone H2AS121 kinase activity, histone H3T45 kinase activity"
Q99928,"Receptor, transmitter-gated monoatomic ion channel activity involved in regulation of postsynaptic membrane potential, GABA-A receptor activity, GABA-gated chloride ion channel activity"
P68371,"double-stranded RNA binding, unfolded protein binding, GTPase activity, metal ion binding, GTP binding, MHC class I protein binding, structural constituent of cytoskeleton"
P12829,"actin monomer binding, calcium ion binding, myosin II heavy chain binding, actin filament binding"
P68366,"metal ion binding, hydrolase activity, protein kinase binding, GTP binding, structural constituent of cytoskeleton"
P18825,"alpha-2A adrenergic receptor binding, alpha2-adrenergic receptor activity, protein homodimerization activity, Receptor, epinephrine binding, protein heterodimerization activity, guanyl-nucleotide exchange factor activity"
P32245,"neuropeptide binding, melanocyte-stimulating hormone receptor activity, peptide hormone binding, ubiquitin protein ligase binding, Receptor, melanocortin receptor activity"
Q99500,"integrin binding, lipid binding, G protein-coupled receptor activity, Receptor, sphingosine-1-phosphate receptor activity"
P34903,"Receptor, GABA-A receptor activity, GABA-gated chloride ion channel activity, benzodiazepine receptor activity"
P32320,"cytidine deaminase activity, identical protein binding, zinc ion binding, protein homodimerization activity, nucleoside binding"
P0AG51,structural constituent of ribosome
P08590,"actin monomer binding, calcium ion binding, myosin II heavy chain binding, structural constituent of muscle"
P04150,"nuclear glucocorticoid receptor activity, RNA polymerase II cis-regulatory region sequence-specific DNA binding, DNA-binding transcription repressor activity, RNA polymerase II-specific, identical protein binding, RNA polymerase II transcription regulatory region sequence-specific DNA binding, sequence-specific double-stranded DNA binding, DNA-binding transcription factor activity, RNA binding, nuclear receptor activity, Hsp90 protein binding, zinc ion binding, DNA-binding transcription factor activity, RNA polymerase II-specific, steroid hormone binding, estrogen response element binding, steroid binding, TBP-class protein binding, core promoter sequence-specific DNA binding, protein kinase binding, Receptor, DNA-binding transcription activator activity, RNA polymerase II-specific"
P14867,"Receptor, transmitter-gated monoatomic ion channel activity involved in regulation of postsynaptic membrane potential, GABA-A receptor activity, GABA-gated chloride ion channel activity"
P25100,"Receptor, identical protein binding, alpha1-adrenergic receptor activity"
P21453,"sphingolipid binding, G protein-coupled receptor binding, G protein-coupled receptor activity, Receptor, sphingosine-1-phosphate receptor activity"
P52333,"protein phosphatase binding, growth hormone receptor binding, ATP binding, protein tyrosine kinase activity, histone H2AXY142 kinase activity, histone H3Y41 kinase activity, non-membrane spanning protein tyrosine kinase activity"
P07333,"platelet-derived growth factor alpha-receptor activity, platelet-derived growth factor beta-receptor activity, protein tyrosine kinase collagen receptor activity, hepatocyte growth factor receptor activity, growth factor binding, histone H2AXY142 kinase activity, cytokine binding, insulin receptor activity, ATP binding, protein tyrosine kinase activity, stem cell factor receptor activity, brain-derived neurotrophic factor receptor activity, insulin-like growth factor receptor activity, placental growth factor receptor activity, protein phosphatase binding, boss receptor activity, fibroblast growth factor receptor activity, protein homodimerization activity, epidermal growth factor receptor activity, macrophage colony-stimulating factor receptor activity, histone H3Y41 kinase activity, GPI-linked ephrin receptor activity, Receptor, transmembrane-ephrin receptor activity, vascular endothelial growth factor receptor activity"
Q9H6Z9,"peptidyl-proline 4-dioxygenase activity, hypoxia-inducible factor-proline dioxygenase activity, ferrous iron binding, L-ascorbic acid binding, 2-oxoglutarate-dependent dioxygenase activity"
Q9UM73,"platelet-derived growth factor alpha-receptor activity, platelet-derived growth factor beta-receptor activity, protein tyrosine kinase collagen receptor activity, hepatocyte growth factor receptor activity, identical protein binding, histone H2AXY142 kinase activity, insulin receptor activity, receptor signaling protein tyrosine kinase activator activity, ATP binding, protein tyrosine kinase activity, stem cell factor receptor activity, transmembrane receptor protein tyrosine kinase activity, brain-derived neurotrophic factor receptor activity, insulin-like growth factor receptor activity, heparin binding, placental growth factor receptor activity, boss receptor activity, fibroblast growth factor receptor activity, epidermal growth factor receptor activity, macrophage colony-stimulating factor receptor activity, histone H3Y41 kinase activity, GPI-linked ephrin receptor activity, Receptor, transmembrane-ephrin receptor activity, vascular endothelial growth factor receptor activity"
P0A7M6,"structural constituent of ribosome, rRNA binding"
O60674,"identical protein binding, histone H2AXY142 kinase activity, phosphatidylinositol 3-kinase binding, signaling receptor binding, heme binding, ATP binding, protein tyrosine kinase activity, type 1 angiotensin receptor binding, insulin receptor substrate binding, peptide hormone receptor binding, protein kinase activity, SH2 domain binding, metal ion binding, histone binding, interleukin-12 receptor binding, acetylcholine receptor binding, growth hormone receptor binding, signaling receptor activator activity, histone H3Y41 kinase activity, protein kinase binding, non-membrane spanning protein tyrosine kinase activity"
P24228,"penicillin binding, serine-type endopeptidase activity, endopeptidase activity, carboxypeptidase activity, serine-type carboxypeptidase activity, serine-type D-Ala-D-Ala carboxypeptidase activity"
P31639,"Transporter, D-glucose transmembrane transporter activity, metal ion binding, alpha-glucoside transmembrane transporter activity, D-glucose:sodium symporter activity, low-affinity D-glucose:sodium symporter activity"
Q99814,"DNA-binding transcription factor activity, RNA polymerase II-specific, RNA polymerase II-specific DNA-binding transcription factor binding, RNA polymerase II cis-regulatory region sequence-specific DNA binding, transcription coactivator binding, RNA polymerase II transcription regulatory region sequence-specific DNA binding, protein heterodimerization activity, DNA-binding transcription activator activity, RNA polymerase II-specific"
P02359,"structural constituent of ribosome, mRNA binding, rRNA binding, tRNA binding"
Q9UN88,"neurotransmitter transmembrane transporter activity, GABA-A receptor activity, neurotransmitter receptor activity, GABA-gated chloride ion channel activity, Receptor, transmembrane signaling receptor activity"
P08581,"platelet-derived growth factor alpha-receptor activity, platelet-derived growth factor beta-receptor activity, protein tyrosine kinase collagen receptor activity, hepatocyte growth factor receptor activity, identical protein binding, histone H2AXY142 kinase activity, insulin receptor activity, ATP binding, protein tyrosine kinase activity, stem cell factor receptor activity, brain-derived neurotrophic factor receptor activity, insulin-like growth factor receptor activity, molecular function activator activity, placental growth factor receptor activity, protein phosphatase binding, boss receptor activity, fibroblast growth factor receptor activity, epidermal growth factor receptor activity, semaphorin receptor activity, macrophage colony-stimulating factor receptor activity, histone H3Y41 kinase activity, GPI-linked ephrin receptor activity, Receptor, transmembrane-ephrin receptor activity, vascular endothelial growth factor receptor activity"
P0A7J3,"ribosome binding, structural constituent of ribosome, large ribosomal subunit rRNA binding"
P04626,"platelet-derived growth factor alpha-receptor activity, platelet-derived growth factor beta-receptor activity, ErbB-3 class receptor binding, hepatocyte growth factor receptor activity, protein tyrosine kinase collagen receptor activity, identical protein binding, histone H2AXY142 kinase activity, signaling receptor binding, insulin receptor activity, ATP binding, protein tyrosine kinase activity, stem cell factor receptor activity, transmembrane receptor protein tyrosine kinase activity, brain-derived neurotrophic factor receptor activity, insulin-like growth factor receptor activity, transmembrane signaling receptor activity, placental growth factor receptor activity, boss receptor activity, fibroblast growth factor receptor activity, epidermal growth factor receptor activity, macrophage colony-stimulating factor receptor activity, receptor tyrosine kinase binding, RNA polymerase I core binding, coreceptor activity, histone H3Y41 kinase activity, GPI-linked ephrin receptor activity, Receptor, transmembrane-ephrin receptor activity, protein heterodimerization activity, vascular endothelial growth factor receptor activity"
Q14145,"RNA polymerase II-specific DNA-binding transcription factor binding, ubiquitin-like ligase-substrate adaptor activity, transcription regulator inhibitor activity, identical protein binding, disordered domain specific binding"
P68919,"5S rRNA binding, structural constituent of ribosome"
P48039,"hormone binding, melatonin receptor activity, G protein-coupled receptor activity, Receptor, organic cyclic compound binding"
Q13936,"voltage-gated calcium channel activity, calmodulin binding, voltage-gated calcium channel activity involved in AV node cell action potential, metal ion binding, high voltage-gated calcium channel activity, alpha-actinin binding, voltage-gated calcium channel activity involved in cardiac muscle cell action potential, Channel"
P01024,"signaling receptor binding, endopeptidase inhibitor activity, C5L2 anaphylatoxin chemotactic receptor binding, receptor ligand activity"
O15123,"signaling receptor binding, receptor ligand activity, receptor tyrosine kinase binding, metal ion binding"
P0A7S3,"structural constituent of ribosome, misfolded RNA binding, rRNA binding, tRNA binding"
P0ADY7,"structural constituent of ribosome, rRNA binding, tRNA binding"
P40189,"ciliary neurotrophic factor receptor binding, cytokine binding, identical protein binding, growth factor binding, interleukin-11 binding, protein tyrosine kinase activator activity, coreceptor activity, interleukin-11 receptor activity, Receptor, ciliary neurotrophic factor receptor activity, cytokine receptor activity, scaffold protein binding, interleukin-27 receptor activity"
P0A7W7,"structural constituent of ribosome, rRNA binding"
P0DPH7,"GTP binding, metal ion binding, hydrolase activity, structural constituent of cytoskeleton"
P18505,"GABA-A receptor activity, G protein-coupled neurotransmitter receptor activity involved in regulation of presynaptic membrane potential, neurotransmitter receptor activity, ligand-gated monoatomic ion channel activity, ligand-gated monoatomic ion channel activity involved in regulation of presynaptic membrane potential, GABA-gated chloride ion channel activity, Receptor, GABA receptor binding, transmitter-gated monoatomic ion channel activity involved in regulation of postsynaptic membrane potential"
P10613,"iron ion binding, heme binding, oxidoreductase activity, sterol 14-demethylase activity"
P15538,"iron ion binding, corticosterone 18-monooxygenase activity, steroid 11-beta-monooxygenase activity, heme binding"
Q969D9,"interleukin-7 receptor binding, cytokine activity"
P0DTD1,"copper ion binding, DNA clamp loader activity, ATP hydrolysis activity, single-stranded 3'-5' DNA helicase activity, mRNA (nucleoside-2'-O-)-methyltransferase activity, forked DNA-dependent helicase activity, mRNA guanylyltransferase activity, RNA binding, RNA endonuclease activity, producing 3'-phosphomonoesters, 5'-3' RNA helicase activity, mRNA 5'-cap (guanine-N7-)-methyltransferase activity, ATP binding, cohesin loader activity, cysteine-type endopeptidase activity, lyase activity, chromatin extrusion motor activity, zinc ion binding, G-quadruplex RNA binding, 5'-3' DNA helicase activity, double-stranded DNA helicase activity, ATP-dependent H2AZ histone chaperone activity, RNA-dependent RNA polymerase activity, ATP-dependent H3-H4 histone complex chaperone activity, omega peptidase activity, four-way junction helicase activity, single-stranded RNA binding, cysteine-type deubiquitinase activity, lipid binding, 3'-5'-RNA exonuclease activity, ISG15-specific peptidase activity, protein guanylyltransferase activity"
P05364,beta-lactamase activity
P48551,"cytokine binding, interleukin-22 receptor activity, type I interferon receptor activity, type I interferon binding, protein kinase binding, Receptor, JAK pathway signal transduction adaptor activity"
P22455,"platelet-derived growth factor alpha-receptor activity, platelet-derived growth factor beta-receptor activity, protein tyrosine kinase collagen receptor activity, hepatocyte growth factor receptor activity, histone H2AXY142 kinase activity, insulin receptor activity, ATP binding, stem cell factor receptor activity, brain-derived neurotrophic factor receptor activity, insulin-like growth factor receptor activity, heparin binding, placental growth factor receptor activity, boss receptor activity, fibroblast growth factor binding, fibroblast growth factor receptor activity, epidermal growth factor receptor activity, macrophage colony-stimulating factor receptor activity, histone H3Y41 kinase activity, GPI-linked ephrin receptor activity, Receptor, transmembrane-ephrin receptor activity, vascular endothelial growth factor receptor activity"
Q00534,"FBXO family protein binding, ATP binding, cyclin binding, cyclin-dependent protein serine/threonine kinase activity, protein serine kinase activity"
Q99250,"voltage-gated sodium channel activity, calmodulin binding, Channel"
Q16637,"identical protein binding, RNA binding"
P0A7U3,"structural constituent of ribosome, rRNA binding, tRNA binding"
P15391,NO_KEYWORDS_FOUND
P10721,"platelet-derived growth factor alpha-receptor activity, platelet-derived growth factor beta-receptor activity, protein tyrosine kinase collagen receptor activity, hepatocyte growth factor receptor activity, growth factor binding, histone H2AXY142 kinase activity, protease binding, cytokine binding, insulin receptor activity, ATP binding, protein tyrosine kinase activity, stem cell factor receptor activity, transmembrane receptor protein tyrosine kinase activity, brain-derived neurotrophic factor receptor activity, insulin-like growth factor receptor activity, placental growth factor receptor activity, SH2 domain binding, boss receptor activity, metal ion binding, fibroblast growth factor receptor activity, protein homodimerization activity, epidermal growth factor receptor activity, macrophage colony-stimulating factor receptor activity, histone H3Y41 kinase activity, GPI-linked ephrin receptor activity, Receptor, transmembrane-ephrin receptor activity, vascular endothelial growth factor receptor activity"
P47870,"chloride channel activity, GABA-A receptor activity, neurotransmitter receptor activity, GABA-gated chloride ion channel activity, Receptor, transmitter-gated monoatomic ion channel activity involved in regulation of postsynaptic membrane potential"
O60894,"calcitonin gene-related peptide binding, coreceptor activity, calcitonin gene-related peptide receptor activity, Receptor, amylin receptor activity"
P0A7P5,structural constituent of ribosome
P09693,"identical protein binding, T cell receptor binding, signaling receptor complex adaptor activity, transmembrane signaling receptor activity"
P10646,"endopeptidase inhibitor activity, serine-type endopeptidase inhibitor activity"
O75874,"identical protein binding, NADP binding, NAD binding, cadherin binding, isocitrate dehydrogenase (NADP+) activity, protein homodimerization activity, magnesium ion binding"
Q05320,"identical protein binding, lipid binding"
P0A7V8,"structural constituent of ribosome, mRNA regulatory element binding translation repressor activity, mRNA 5'-UTR binding, rRNA binding"
P60422,"transferase activity, RNA binding, zinc ion binding, structural constituent of ribosome, rRNA binding"
P43220,"peptide hormone binding, glucagon receptor activity, glucagon-like peptide 1 receptor activity, Receptor, transmembrane signaling receptor activity"
P0A7X3,"tRNA binding, structural constituent of ribosome, RNA binding"
P60880,"lipid binding, transmembrane transporter binding, syntaxin-1 binding, voltage-gated potassium channel activity, myosin binding, SNAP receptor activity, calcium-dependent protein binding, protein domain specific binding"
P10600,"type III transforming growth factor beta receptor binding, identical protein binding, cytokine activity, type II transforming growth factor beta receptor binding, transforming growth factor beta binding, type I transforming growth factor beta receptor binding, protein-containing complex binding, growth factor activity"
P21730,"Receptor, complement component C5a receptor activity, G protein-coupled receptor activity"
P01031,"chemokine activity, signaling receptor binding, endopeptidase inhibitor activity"
P18507,"chloride channel activity, GABA-A receptor activity, GABA-gated chloride ion channel activity, benzodiazepine receptor activity, Receptor, transmitter-gated monoatomic ion channel activity involved in regulation of postsynaptic membrane potential"
Q13509,"netrin receptor binding, GTPase activity, metal ion binding, peptide binding, GTP binding, structural constituent of cytoskeleton"
Q8TCU5,"calcium channel activity, protein phosphatase 2A binding, serine binding, glycine binding, identical protein binding, NMDA glutamate receptor activity, glutamate receptor activity, transmitter-gated monoatomic ion channel activity, Receptor, transmitter-gated monoatomic ion channel activity involved in regulation of postsynaptic membrane potential"
Q08881,"ATP binding, histone H2AXY142 kinase activity, metal ion binding, histone H3Y41 kinase activity, non-membrane spanning protein tyrosine kinase activity"
P28223,"neurotransmitter receptor activity, identical protein binding, Gq/11-coupled serotonin receptor activity, 1-(4-iodo-2,5-dimethoxyphenyl)propan-2-amine binding, serotonin binding, serotonin receptor activity, G protein-coupled serotonin receptor activity, protein tyrosine kinase activator activity, virus receptor activity, protein-containing complex binding, Receptor"
Q76129,structural molecule activity
Q16204,"identical protein binding, SH3 domain binding, structural constituent of cytoskeleton"
Q3S340,"exo-alpha-sialidase activity, metal ion binding"
P0ADZ4,"structural constituent of ribosome, small ribosomal subunit rRNA binding, rRNA binding"
P60438,"structural constituent of ribosome, rRNA binding"
P12931,"histone H2AXY142 kinase activity, protein tyrosine kinase activator activity, phospholipase activator activity, scaffold protein binding, signaling receptor binding, connexin binding, heme binding, ATP binding, phosphoprotein binding, BMP receptor binding, nuclear estrogen receptor binding, protein tyrosine kinase activity, enzyme binding, integrin binding, protein kinase activity, SH2 domain binding, transmembrane transporter binding, insulin receptor binding, ATPase binding, protein kinase C binding, ephrin receptor binding, phospholipase binding, cadherin binding, histone H3Y41 kinase activity, non-membrane spanning protein tyrosine kinase activity"
Q96KS0,"peptidyl-proline 4-dioxygenase activity, hypoxia-inducible factor-proline dioxygenase activity, ferrous iron binding, oxygen sensor activity, L-ascorbic acid binding, 2-oxoglutarate-dependent dioxygenase activity"
P08506,"penicillin binding, carboxypeptidase activity, protein homodimerization activity, serine-type D-Ala-D-Ala carboxypeptidase activity"
P0A7Q6,"structural constituent of ribosome, rRNA binding"
P06856,"DNA binding, DNA-directed DNA polymerase activity, 3'-5' exonuclease activity, nucleotide binding"
P31751,"histone H3T11 kinase activity, histone H3T3 kinase activity, 3-phosphoinositide-dependent protein kinase activity, AMP-activated protein kinase activity, histone H3S10 kinase activity, protein serine kinase activity, DNA-dependent protein kinase activity, ATP binding, ribosomal protein S6 kinase activity, Rho-dependent protein serine/threonine kinase activity, histone H3S28 kinase activity, molecular function activator activity, histone H3T6 kinase activity, histone H4S1 kinase activity, histone H2BS14 kinase activity, histone H2AXS139 kinase activity, metal ion binding, protein serine/threonine kinase activity, histone H2AT120 kinase activity, eukaryotic translation initiation factor 2alpha kinase activity, histone H3S57 kinase activity, histone H2AS1 kinase activity, histone H2BS36 kinase activity, histone H2AS121 kinase activity, histone H3T45 kinase activity"
Q3ZCM7,"GTP binding, structural constituent of cytoskeleton, metal ion binding, GTPase activity"
P11836,"identical protein binding, MHC class II protein complex binding, immunoglobulin binding, epidermal growth factor receptor binding"
O60391,"calcium channel activity, neurotransmitter receptor activity, glycine binding, monoatomic cation channel activity, glutamate receptor activity, ligand-gated monoatomic ion channel activity involved in regulation of presynaptic membrane potential, Receptor, transmitter-gated monoatomic ion channel activity involved in regulation of postsynaptic membrane potential"
P02918,"penicillin binding, serine-type D-Ala-D-Ala carboxypeptidase activity, peptidoglycan glycosyltransferase activity"
Q04609,"dipeptidase activity, carboxypeptidase activity, peptidase activity, Ac-Asp-Glu binding, metal ion binding, metallocarboxypeptidase activity, tetrahydrofolyl-poly(glutamate) polymer binding"
P18089,"Receptor, epinephrine binding, alpha2-adrenergic receptor activity"
Q16445,"GABA-A receptor activity, GABA-gated chloride ion channel activity, benzodiazepine receptor activity, Receptor, transmitter-gated monoatomic ion channel activity involved in regulation of postsynaptic membrane potential"
P08922,"platelet-derived growth factor alpha-receptor activity, platelet-derived growth factor beta-receptor activity, protein tyrosine kinase collagen receptor activity, hepatocyte growth factor receptor activity, histone H2AXY142 kinase activity, insulin receptor activity, ATP binding, protein tyrosine kinase activity, stem cell factor receptor activity, transmembrane receptor protein tyrosine kinase activity, brain-derived neurotrophic factor receptor activity, insulin-like growth factor receptor activity, placental growth factor receptor activity, protein phosphatase binding, boss receptor activity, fibroblast growth factor receptor activity, epidermal growth factor receptor activity, macrophage colony-stimulating factor receptor activity, histone H3Y41 kinase activity, GPI-linked ephrin receptor activity, transmembrane-ephrin receptor activity, vascular endothelial growth factor receptor activity"
O00591,"Receptor, GABA-A receptor activity, GABA-gated chloride ion channel activity, neurotransmitter receptor activity"
Q9UQD0,"voltage-gated sodium channel activity, sodium ion binding, Channel"
P25101,"Receptor, phosphatidylinositol phospholipase C activity, endothelin receptor activity"
P13631,"DNA-binding transcription factor activity, RNA polymerase II-specific, nuclear retinoid X receptor binding, RNA polymerase II cis-regulatory region sequence-specific DNA binding, DNA binding, nuclear receptor activity, sequence-specific double-stranded DNA binding, zinc ion binding, DNA-binding transcription factor activity, Receptor, chromatin binding"
Q14957,"Receptor, transmitter-gated monoatomic ion channel activity involved in regulation of postsynaptic membrane potential, monoatomic cation channel activity, NMDA glutamate receptor activity"
P0A7L0,"structural constituent of ribosome, rRNA binding, tRNA binding"
Q16552,"protein heterodimerization activity, cytokine activity, protein homodimerization activity"
P0A7K6,"structural constituent of ribosome, large ribosomal subunit rRNA binding"
